frame,tick,round,killer name,killer steamid,killer side,killer team name,victim name,victim steamid,victim side,victim team name,assister name,assister steamid,assister side,assister team name,weapon name,weapon_type,headshot,penetrated objects,is flash assist,killer controlling bot,victim controlling bot,assister controlling bot,killer x,killer y,killer z,is killer airborne,is killer blinded,victim x,victim y,victim z,is victim airborne,is victim blinded,is victim inspecting weapon,assister x,assister y,assister z,is trade kill,is trade death,is through smoke,is no scope,distance,match checksum
13040,7825,1,story,76561198065448360,2,SAW,esenthial,76561199149812353,3,B8 Esports,,0,0,,AWP,sniper,1,0,0,0,0,0,1283.484375,447.083282,126.389870,0,0,1402.694336,954.172546,157.326385,0,0,0,0.000000,0.000000,0.000000,0,0,0,0,13.319282,8be6ee39a646d052
13138,7893,1,roman ,76561197994395491,2,SAW,npl,76561198305036904,3,B8 Esports,,0,0,,AK-47,rifle,0,0,0,0,0,0,1224.197388,574.507385,124.277298,0,0,1648.988159,-80.687195,142.031250,0,0,0,0.000000,0.000000,0.000000,0,1,0,0,19.841822,8be6ee39a646d052
13501,8146,1,alex666,76561198304115519,3,B8 Esports,roman ,76561197994395491,2,SAW,npl,76561198305036904,3,B8 Esports,M4A1,rifle,0,0,0,0,0,0,1397.547852,-37.109375,277.922546,0,1,1383.668457,543.441711,118.282768,0,0,0,1648.988159,-80.687195,142.031250,1,1,0,0,15.239720,8be6ee39a646d052
13758,8337,1,ewjerkz,76561198262460262,2,SAW,cptkurtka023,76561198136488014,3,B8 Esports,,0,0,,AK-47,rifle,1,0,0,0,0,0,277.174164,1782.570557,124.412994,0,0,838.626038,2243.610840,140.084305,0,0,0,0.000000,0.000000,0.000000,0,0,0,0,18.484331,8be6ee39a646d052
13790,8363,1,MUTiRiS,76561197997981170,2,SAW,alex666,76561198304115519,3,B8 Esports,ag1l,76561198186878873,2,SAW,AK-47,rifle,0,0,0,0,0,0,1243.963257,583.392944,125.031250,0,0,1457.801270,-41.053955,278.900269,0,0,0,1230.867310,349.641449,128.031250,1,0,0,0,17.199989,8be6ee39a646d052
15706,9775,1,story,76561198065448360,2,SAW,headtr1ck,76561198359519930,3,B8 Esports,,0,0,,AWP,sniper,0,0,0,0,0,0,1939.730225,361.774567,161.031250,0,0,2444.818848,1129.557983,172.409546,0,0,0,0.000000,0.000000,0.000000,0,0,0,0,23.402689,8be6ee39a646d052
